{
    "GEN_181119": {
        "fa3_STXS": {
            "Untagged": {
                "2e2mu": {
                    "VBF": 0.05061605062525868,
                    "WH": 0.021246242634427707,
                    "ZH": 0.01554378429806681,
                    "bbH": 0.011236658576247801,
                    "ggH": 0.883886726046298,
                    "qqZZ": 1.034317991659023,
                    "ttH": 0.012388212210449763
                },
                "4e": {
                    "VBF": 0.02552725927610568,
                    "WH": 0.010808499031756763,
                    "ZH": 0.007511245941593869,
                    "bbH": 0.00573609304190825,
                    "ggH": 0.4458097532059968,
                    "qqZZ": 0.4865010899038783,
                    "ttH": 0.006355913536519323
                },
                "4mu": {
                    "VBF": 0.03239694518064456,
                    "WH": 0.013390434016843358,
                    "ZH": 0.00907805674723467,
                    "bbH": 0.0071898789857763705,
                    "ggH": 0.5538615857857676,
                    "qqZZ": 0.7178051428470995,
                    "ttH": 0.007665618953492104
                }
            },
            "VBFtagged": {
                "2e2mu": {
                    "VBF": 0.04234017979779181,
                    "WH": 0.0013206646058030772,
                    "ZH": 0.0009016956382230569,
                    "bbH": 0.0005630265544139854,
                    "ggH": 0.02829079137285773,
                    "qqZZ": 0.006988472979211972,
                    "ttH": 0.0020094710503567883
                },
                "4e": {
                    "VBF": 0.021153528518826833,
                    "WH": 0.0006471974407914493,
                    "ZH": 0.0005020795637541348,
                    "bbH": 0.0002878962454082801,
                    "ggH": 0.013922373480273543,
                    "qqZZ": 0.003923076738834888,
                    "ttH": 0.0010309953085787197
                },
                "4mu": {
                    "VBF": 0.026434698689117117,
                    "WH": 0.0008753698252998372,
                    "ZH": 0.0005375736266178808,
                    "bbH": 0.0003695821400196199,
                    "ggH": 0.017771638967313794,
                    "qqZZ": 0.005334893954104522,
                    "ttH": 0.0012551605795368926
                }
            },
            "VHHadrtagged": {
                "2e2mu": {
                    "VBF": 0.001624894690539294,
                    "WH": 0.007264774735210779,
                    "ZH": 0.005327572277038918,
                    "bbH": 0.00048239914104635624,
                    "ggH": 0.02042772632186756,
                    "qqZZ": 0.009881293318624921,
                    "ttH": 0.0031114080190397654
                },
                "4e": {
                    "VBF": 0.0007913406116522829,
                    "WH": 0.003720407578247884,
                    "ZH": 0.0025803846982580285,
                    "bbH": 0.00022696440647853097,
                    "ggH": 0.010416674603672599,
                    "qqZZ": 0.005191187983083655,
                    "ttH": 0.001513186417949083
                },
                "4mu": {
                    "VBF": 0.0010739675373556193,
                    "WH": 0.0045006680299498345,
                    "ZH": 0.003185947415358872,
                    "bbH": 0.00031929342965628696,
                    "ggH": 0.013316172789499784,
                    "qqZZ": 0.007210252792098394,
                    "ttH": 0.0017980391008601674
                }
            }
        },
        "fa3_multiparameter": {
            "Untagged": {
                "2e2mu": {
                    "VBF": 0.04727200838687764,
                    "WH": 0.01913832834430085,
                    "ZH": 0.01415289910114825,
                    "bbH": 0.011054843268485118,
                    "ggH": 0.8625643563820936,
                    "qqZZ": 1.0296371581953185,
                    "ttH": 0.006304249432795612
                },
                "4e": {
                    "VBF": 0.023751374961397696,
                    "WH": 0.00973874240103572,
                    "ZH": 0.0068080900208225825,
                    "bbH": 0.005640492565423842,
                    "ggH": 0.4342119069042057,
                    "qqZZ": 0.4840252749864299,
                    "ttH": 0.003203385337895307
                },
                "4mu": {
                    "VBF": 0.03033848558674169,
                    "WH": 0.012115143849220796,
                    "ZH": 0.008256172517332079,
                    "bbH": 0.007067117681379129,
                    "ggH": 0.5407746856950841,
                    "qqZZ": 0.7139918267248108,
                    "ttH": 0.003870065788418042
                }
            },
            "VBFtagged": {
                "2e2mu": {
                    "VBF": 0.0449161929610788,
                    "WH": 0.0036419094148850027,
                    "ZH": 0.0025472755670088005,
                    "bbH": 0.0006106550069513064,
                    "ggH": 0.04456721999629189,
                    "qqZZ": 0.010151783490475354,
                    "ttH": 0.008453040104935236
                },
                "4e": {
                    "VBF": 0.022547728756331306,
                    "WH": 0.0018116447882153908,
                    "ZH": 0.0013456537473036064,
                    "bbH": 0.0003152997097921349,
                    "ggH": 0.022645300455887654,
                    "qqZZ": 0.00572104342579924,
                    "ttH": 0.004337805021083754
                },
                "4mu": {
                    "VBF": 0.028007777950146535,
                    "WH": 0.002298045872723978,
                    "ZH": 0.0014588727567296628,
                    "bbH": 0.0004033707594443118,
                    "ggH": 0.02773544101527782,
                    "qqZZ": 0.008043559000805663,
                    "ttH": 0.005220497730011242
                }
            },
            "VHHadrtagged": {
                "2e2mu": {
                    "VBF": 0.0023928828625481564,
                    "WH": 0.007051441508760913,
                    "ZH": 0.005072889002076432,
                    "bbH": 0.0006167754496082242,
                    "ggH": 0.025471740701138446,
                    "qqZZ": 0.011398515191298258,
                    "ttH": 0.0027518244843026734
                },
                "4e": {
                    "VBF": 0.0011730493229323896,
                    "WH": 0.0036257143573348773,
                    "ZH": 0.0024399703619834793,
                    "bbH": 0.0002950779582103662,
                    "ggH": 0.013292839043337888,
                    "qqZZ": 0.005869129809408146,
                    "ttH": 0.0013588980965637523
                },
                "4mu": {
                    "VBF": 0.0015593641392376548,
                    "WH": 0.004353287361853159,
                    "ZH": 0.0030865171317413496,
                    "bbH": 0.00040816012166104655,
                    "ggH": 0.01643995238023016,
                    "qqZZ": 0.008315111351613303,
                    "ttH": 0.0016282391807769885
                }
            }
        },
        "fa3_onlyDbkg": {
            "Untagged": {
                "2e2mu": {
                    "VBF": 0.05061605062525868,
                    "WH": 0.021246242634427707,
                    "ZH": 0.01554378429806681,
                    "bbH": 0.011236658576247801,
                    "ggH": 0.883886726046298,
                    "qqZZ": 1.034317991659023,
                    "ttH": 0.012388212210449763
                },
                "4e": {
                    "VBF": 0.02552725927610568,
                    "WH": 0.010808499031756763,
                    "ZH": 0.007511245941593869,
                    "bbH": 0.00573609304190825,
                    "ggH": 0.4458097532059968,