{
    "fL1": {
        "Untagged": {
            "2e2mu": {
                "VBF": 0.029298688317952428,
                "VBFbkg": 0.004422137146713915,
                "WH": 0.011068202490672314,
                "ZH": 0.01003241570410269,
                "ZX": 0.3882833913971945,
                "ggH": 0.6407038916990899,
                "ggZZ": 0.056222095885778006,
                "qqZZ": 0.710815632670465,
                "ttH": 0.006394814065188622
            },
            "4e": {
                "VBF": 0.011879966930847072,
                "VBFbkg": 0.0017158608422232614,
                "WH": 0.0046159653650496586,
                "ZH": 0.003754746919084745,
                "ZX": 0.13397718103220563,
                "ggH": 0.25364468045898936,
                "ggZZ": 0.031623965600105684,
                "qqZZ": 0.25102179959170945,
                "ttH": 0.002696874859360291
            },
            "4mu": {
                "VBF": 0.02339569385412938,
                "VBFbkg": 0.004599179032852096,
                "WH": 0.008753756700214603,
                "ZH": 0.007431341231487842,
                "ZX": 0.30569924331813436,
                "ggH": 0.5106077234961378,
                "ggZZ": 0.06683617693611012,
                "qqZZ": 0.6161917791860135,
                "ttH": 0.004993888409369739
            }
        },
        "VBFtagged": {
            "2e2mu": {
                "VBF": 0.029643617675048663,
                "VBFbkg": 0.0013784386934416353,
                "WH": 0.001235952786705932,
                "ZH": 0.0009628810198070058,
                "ZX": 0.03984357016861406,
                "ggH": 0.034110170221146555,
                "ggZZ": 0.0016470191419295122,
                "qqZZ": 0.00965925526006848,
                "ttH": 0.0006630674935486203
            },
            "4e": {
                "VBF": 0.011944947417277692,
                "VBFbkg": 0.0005160697134239404,
                "WH": 0.0005356537060928861,
                "ZH": 0.0004098690509347392,
                "ZX": 0.01105514649270007,
                "ggH": 0.013322827983495931,
                "ggZZ": 0.0008383950946282582,
                "qqZZ": 0.0033427862131171467,
                "ttH": 0.000227808382670719
            },
            "4mu": {
                "VBF": 0.023198353680306812,
                "VBFbkg": 0.0011821916273918997,
                "WH": 0.0009648625527457929,
                "ZH": 0.0007019613731280883,
                "ZX": 0.03819409746662455,
                "ggH": 0.02525657231052736,
                "ggZZ": 0.0015440037913093513,
                "qqZZ": 0.0074689002823013695,
                "ttH": 0.0004883921644804683
            }
        },
        "VHHadrtagged": {
            "2e2mu": {
                "VBF": 0.0015837429922223511,
                "VBFbkg": 0.0002998290498360886,
                "WH": 0.004194927680695468,
                "ZH": 0.0036334614952028763,
                "ZX": 0.0233674880737225,
                "ggH": 0.02140871921967199,
                "ggZZ": 0.0007055103836095815,
                "qqZZ": 0.011689971691806807,
                "ttH": 0.0005734895392378483
            },
            "4e": {
                "VBF": 0.0006642623826275322,
                "VBFbkg": 0.0001303945047577661,
                "WH": 0.0017055506714833022,
                "ZH": 0.0015538602193144841,
                "ZX": 0.007776589440908775,
                "ggH": 0.009809265973625157,
                "ggZZ": 0.00044705435669775646,
                "qqZZ": 0.005971069352935439,
                "ttH": 0.0002432610417107654
            },
            "4mu": {
                "VBF": 0.0011774659060856199,
                "VBFbkg": 0.0002976957979530523,
                "WH": 0.0033140704768682507,
                "ZH": 0.0026681187076397776,
                "ZX": 0.016624889560861843,
                "ggH": 0.017010637653718297,
                "ggZZ": 0.0008665699248089449,
                "qqZZ": 0.008931227218609658,
                "ttH": 0.0004725660410816801
            }
        }
    },
    "fL1Zg": {
        "Untagged": {
            "2e2mu": {
                "VBF": 0.029503136363340177,
                "VBFbkg": 0.004439732063975121,
                "WH": 0.011161609912835047,
                "ZH": 0.010084608775333497,
                "ZX": 0.3906288665002192,
                "ggH": 0.6422131843316445,
                "ggZZ": 0.05623362101481353,
                "qqZZ": 0.711477798529924,
                "ttH": 0.006458833515062902
            },
            "4e": {
                "VBF": 0.01196405038323951,
                "VBFbkg": 0.0017223721474512773,
                "WH": 0.004648972697900128,
                "ZH": 0.003785511994475682,
                "ZX": 0.13436417851027962,
                "ggH": 0.25430817808781664,
                "ggZZ": 0.031634837570353805,
                "qqZZ": 0.2510218026673146,
                "ttH": 0.0027239261700830937
            },
            "4mu": {
                "VBF": 0.02355716465019885,
                "VBFbkg": 0.00461683424968623,
                "WH": 0.00882535968317366,
                "ZH": 0.0074967665711823455,
                "ZX": 0.307644612163526,
                "ggH": 0.5117927929501962,
                "ggZZ": 0.0668647867583898,
                "qqZZ": 0.6168357661412794,
                "ttH": 0.005046808371780397
            }
        },
        "VBFtagged": {
            "2e2mu": {
                "VBF": 0.029555601427156002,
                "VBFbkg": 0.001373101956482903,
                "WH": 0.0011682707900413536,
                "ZH": 0.00091847487521406,
                "ZX": 0.03852956625474105,
                "ggH": 0.033297970974688305,
                "ggZZ": 0.0016470192245388168,
                "qqZZ": 0.009250412481161626,
                "ttH": 0.0006102159725950499
            },
            "4e": {
                "VBF": 0.011912322703112571,
                "VBFbkg": 0.0005106557521847832,
                "WH": 0.0005129728742909284,
                "ZH": 0.00038290579898902626,
                "ZX": 0.010843276421939845,
                "ggH": 0.013046978235578027,
                "ggZZ": 0.0008383951366795216,
                "qqZZ": 0.0033427862540741093,
                "ttH": 0.00020689045137299144
            },
            "4mu": {
                "VBF": 0.023121174092952432,
                "VBFbkg": 0.0011766501198792886,
                "WH": 0.0009136061727851485,
                "ZH": 0.0006489057961977947,
                "ZX": 0.036248721759569884,
                "ggH": 0.02454487032925979,
                "ggZZ": 0.0015440038687517294,
                "qqZZ": 0.00725617215258441,
                "ttH": 0.0004474243754853726
            }
        },
        "VHHadrtagged": {
            "2e2mu": {
                "VBF": 0.0014673101957734433,
                "VBFbkg": 0.0002875714750361728,
                "WH": 0.004169201462341051,
                "ZH": 0.0036256720785923916,
                "ZX": 0.022336032509645623,
                "ggH": 0.02071151104068103,
                "ggZZ": 0.0006939857233726497,
                "qqZZ": 0.011436626543958795,
                "ttH": 0.0005623212599342544
            },
            "4e": {
                "VBF": 0.0006127974979119999,
                "VBFbkg": 0.00012929688065898144,
                "WH": 0.0016952248416735195,
                "ZH": 0.001550059151330321,
                "ZX": 0.007601453811295757,
                "ggH": 0.009421687596954517,
                "ggZZ": 0.0004361832674363295,
                "qqZZ": 0.005971069426095029,
                "ttH": 0.00023712780827855943
            },
            "4mu": {
                "VBF": 0.0010931818428125584,
                "VBFbkg": 0.0002855817632388961,
                "WH": 0.0032937239954873776,
                "ZH": 0.0026557506793871296,