{
    "180224": {
        "fL1": {
            "Untagged": {
                "2e2mu": {
                    "VBF": 0.02886416721639879,
                    "VBFbkg": 0.004493693260802446,
                    "WH": 0.01227276823224323,
                    "ZH": 0.0012915805368044824,
                    "ZX": 0.3928363711170921,
                    "ggH": 0.4867906020066009,
                    "ggZZ": 0.05631843877548183,
                    "qqZZ": 0.7134758522764765,
                    "ttH": 0.0013592930966182502
                },
                "4e": {
                    "VBF": 0.01172371753882544,
                    "VBFbkg": 0.0017619742297243603,
                    "WH": 0.004889443862414291,
                    "ZH": 0.0004940830564578437,
                    "ZX": 0.13201669089592227,
                    "ggH": 0.19403856277361503,
                    "ggZZ": 0.03178349024769211,
                    "qqZZ": 0.25590797439874713,
                    "ttH": 0.0005581643608457193
                },
                "4mu": {
                    "VBF": 0.023250101506507047,
                    "VBFbkg": 0.004710668514920597,
                    "WH": 0.00943570752660352,
                    "ZH": 0.0009658984191904305,
                    "ZX": 0.3082845296840111,
                    "ggH": 0.3935674528645405,
                    "ggZZ": 0.06699427664582469,
                    "qqZZ": 0.6110884133554632,
                    "ttH": 0.0010187073365217395
                }
            },
            "VBFtagged": {
                "2e2mu": {
                    "VBF": 0.029492510465063355,
                    "VBFbkg": 0.0013831305270151537,
                    "WH": 0.001247711489467147,
                    "ZH": 0.00013114540196139127,
                    "ZX": 0.041597860490228455,
                    "ggH": 0.025274087697230826,
                    "ggZZ": 0.0016660342787688067,
                    "qqZZ": 0.00971972632737872,
                    "ttH": 0.00011628741893202451
                },
                "4e": {
                    "VBF": 0.011892365833330181,
                    "VBFbkg": 0.0005098390994939288,
                    "WH": 0.0005258008976452698,
                    "ZH": 5.277212204995086e-05,
                    "ZX": 0.010768528372693504,
                    "ggH": 0.010602804090781634,
                    "ggZZ": 0.0008383592358215392,
                    "qqZZ": 0.003981704899907829,
                    "ttH": 5.169440504196917e-05
                },
                "4mu": {
                    "VBF": 0.023440207431006894,
                    "VBFbkg": 0.0012111738808704463,
                    "WH": 0.0009904081640389434,
                    "ZH": 9.98064709111258e-05,
                    "ZX": 0.04050916114329532,
                    "ggH": 0.020335065065421352,
                    "ggZZ": 0.0016020097842232683,
                    "qqZZ": 0.009465838648397985,
                    "ttH": 9.634133564539703e-05
                }
            },
            "VHHadrtagged": {
                "2e2mu": {
                    "VBF": 0.001446881318936624,
                    "VBFbkg": 0.00024011148826770493,
                    "WH": 0.004418280811468695,
                    "ZH": 0.00046190535311241125,
                    "ZX": 0.018504150114362253,
                    "ggH": 0.01513018984335552,
                    "ggZZ": 0.0006293370451285347,
                    "qqZZ": 0.009599693191840201,
                    "ttH": 0.00010788789110228795
                },
                "4e": {
                    "VBF": 0.0006035668108406018,
                    "VBFbkg": 0.00010228101938779224,
                    "WH": 0.001744108984797802,
                    "ZH": 0.00018384993644558813,
                    "ZX": 0.006369177148240747,
                    "ggH": 0.006091104845720864,
                    "ggZZ": 0.00030848880183169375,
                    "qqZZ": 0.0037914708910973855,
                    "ttH": 4.8296873050172995e-05
                },
                "4mu": {
                    "VBF": 0.0012259228447435296,
                    "VBFbkg": 0.00021864800494968164,
                    "WH": 0.0034161345262408794,
                    "ZH": 0.0003642262924570539,
                    "ZX": 0.013935127985120522,
                    "ggH": 0.01266047295293119,
                    "ggZZ": 0.000590356300204735,
                    "qqZZ": 0.008061747477717967,
                    "ttH": 7.848545300211708e-05
                }
            }
        },
        "fL1Zg": {
            "Untagged": {
                "2e2mu": {
                    "VBF": 0.029125724074887414,
                    "VBFbkg": 0.004509460629653804,
                    "WH": 0.012399342918365426,
                    "ZH": 0.0013045219326143236,
                    "ZX": 0.39342741531364284,
                    "ggH": 0.4881741264021951,
                    "ggZZ": 0.0563227239579398,
                    "qqZZ": 0.7137921307025986,
                    "ttH": 0.0013765522610110666
                },
                "4e": {
                    "VBF": 0.011842337626932348,
                    "VBFbkg": 0.0017731597947871667,
                    "WH": 0.004940981025160411,
                    "ZH": 0.0004975312780371603,
                    "ZX": 0.13277924253509354,
                    "ggH": 0.19455566542474728,
                    "ggZZ": 0.031787266333680134,
                    "qqZZ": 0.25613557906737205,
                    "ttH": 0.0005654345843182757
                },
                "4mu": {
                    "VBF": 0.023467555893090443,
                    "VBFbkg": 0.004729810302690098,
                    "WH": 0.009527719729288212,
                    "ZH": 0.0009747969276409183,
                    "ZX": 0.313347892858197,
                    "ggH": 0.39463304940758076,
                    "ggZZ": 0.06700277285725657,
                    "qqZZ": 0.6114172076271328,
                    "ttH": 0.0010320833217719212
                }
            },
            "VBFtagged": {
                "2e2mu": {
                    "VBF": 0.029356566550836516,
                    "VBFbkg": 0.001376589520398722,
                    "WH": 0.0011623847087419512,
                    "ZH": 0.00012161190557408307,
                    "ZX": 0.04130825611322399,
                    "ggH": 0.02455374610887304,
                    "ggZZ": 0.0016617494465961432,
                    "qqZZ": 0.009531469629990652,
                    "ttH": 0.00010241443537312423
                },
                "4e": {
                    "VBF": 0.011828666162352548,
                    "VBFbkg": 0.0005041838829506186,
                    "WH": 0.00048573586617117607,
                    "ZH": 5.02417241413353e-05,
                    "ZX": 0.010177772841926782,
                    "ggH": 0.010193494952812788,
                    "ggZZ": 0.0008383592324895277,
                    "qqZZ": 0.0038541249964032884,
                    "ttH": 4.492287855546733e-05
                },
                "4mu": {
                    "VBF": 0.02333574396245255,
                    "VBFbkg": 0.0012016527548677077,
                    "WH": 0.0009245355906337633,
                    "ZH": 9.146797764266087e-05,
                    "ZX": 0.035445822265000516,
                    "ggH": 0.019742514962388553,
                    "ggZZ": 0.0016020097778561711,
                    "qqZZ": 0.009271074119538116,
                    "ttH": 8.524867345464612e-05
                }
            },
            "VHHadrtagged": {
                "2e2mu": {
                    "VBF": 0.0013212643423450973,
                    "VBFbkg": 0.00023088531372462875,
                    "WH": 0.004377031668384873,
                    "ZH": 0.00045849767642762034,
                    "ZX": 0.018202696532450026,
                    "ggH": 0.014467035916568144,
                    "ggZZ": 0.0006293370426272702,