{
    "fL1fL1Zg": {
        "Untagged": {
            "2e2mu": {
                "VBFbkg": 0.006116827331047214,
                "ggH": 0.7953051835969785,
                "ggZZ": 0.05870719415991989,
                "qqZZ": 0.7327957258830762
            },
            "4e": {
                "VBFbkg": 0.0023695743027498874,
                "ggH": 0.31617730313443354,
                "ggZZ": 0.032925309258676906,
                "qqZZ": 0.2636809419363347
            },
            "4mu": {
                "VBFbkg": 0.006140505550922938,
                "ggH": 0.6314705015893672,
                "ggZZ": 0.0690982876963804,
                "qqZZ": 0.6286157536476159
            }
        }
    },
    "fa3_STXS": {
        "Untagged": {
            "2e2mu": {
                "VBF": 0.023591887642498623,
                "VBFbkg": 0.003931249346492358,
                "WH": 0.009326701601858126,
                "ZH": 0.008333285283268509,
                "ggH": 0.5874441611520211,
                "ggZZ": 0.05377438370846358,
                "qqZZ": 0.6854839406963843,
                "ttH": 0.005801393652533865
            },
            "4e": {
                "VBF": 0.00953195310710703,
                "VBFbkg": 0.001535495056788978,
                "WH": 0.0038719093680573908,
                "ZH": 0.003065788736613801,
                "ggH": 0.2310206280834925,
                "ggZZ": 0.03043145578517115,
                "qqZZ": 0.2444590679110062,
                "ttH": 0.0023720131920290533
            },
            "4mu": {
                "VBF": 0.018841118836298836,
                "VBFbkg": 0.00409633313985027,
                "WH": 0.007331921237435186,
                "ZH": 0.006034582931180403,
                "ggH": 0.46889666478243325,
                "ggZZ": 0.06411134167242531,
                "qqZZ": 0.5858264255854453,
                "ttH": 0.004447698393509857
            }
        },
        "VBFtagged": {
            "2e2mu": {
                "VBF": 0.03025406755621524,
                "VBFbkg": 0.0013772384199327368,
                "WH": 0.0018217992040561745,
                "ZH": 0.0014678648393413353,
                "ggH": 0.041770990848884054,
                "ggZZ": 0.0016069248619181905,
                "qqZZ": 0.011065739975283317,
                "ttH": 0.0009182493254812812
            },
            "4e": {
                "VBF": 0.01220673241167817,
                "VBFbkg": 0.0005018039842416408,
                "WH": 0.000773290949755133,
                "ZH": 0.0006631068372254148,
                "ggH": 0.016338020986727035,
                "ggZZ": 0.0008250567648459087,
                "qqZZ": 0.00475248254131347,
                "ttH": 0.00033005670068407387
            },
            "4mu": {
                "VBF": 0.02362205732072918,
                "VBFbkg": 0.0011986560989515251,
                "WH": 0.0014414587372112047,
                "ZH": 0.0010667096243642828,
                "ggH": 0.03166987957591463,
                "ggZZ": 0.001523831570749111,
                "qqZZ": 0.01050716144294643,
                "ttH": 0.0007010523608020453
            }
        },
        "VHHadrtagged": {
            "2e2mu": {
                "VBF": 0.006684499756687639,
                "VBFbkg": 0.000808347496127988,
                "WH": 0.005388084372382563,
                "ZH": 0.004863404555474227,
                "ggH": 0.06703832781972904,
                "ggZZ": 0.0033257995824421743,
                "qqZZ": 0.03624600774575137,
                "ttH": 0.0009633653577753095
            },
            "4e": {
                "VBF": 0.002759328595193514,
                "VBFbkg": 0.000332279983061322,
                "WH": 0.0021882704352247993,
                "ZH": 0.001980116692245159,
                "ggH": 0.02943966710727105,
                "ggZZ": 0.0016687967785763273,
                "qqZZ": 0.014469527498549224,
                "ttH": 0.0004327750892925794
            },
            "4mu": {
                "VBF": 0.005295093930089316,
                "VBFbkg": 0.0008455036592732206,
                "WH": 0.004245506524547635,
                "ZH": 0.0036737962209891185,
                "ggH": 0.05225614865992981,
                "ggZZ": 0.003463200390385449,
                "qqZZ": 0.032282068070347295,
                "ttH": 0.0007875579245406892
            }
        }
    }
}